{
    "avg_prec": 0.5179447978410122,
    "roc_auc": 0.9560244396575575
}